{"cameraMode":{"drawMode":0,"name":"Shaded","section":"Shading Mode"},"sceneLighting":false,"audioPlay":false,"sceneViewState":{"m_AlwaysRefresh":false,"showFog":true,"showSkybox":false,"showFlares":true,"showImageEffects":true,"showParticleSystems":true,"showVisualEffectGraphs":true,"m_FxEnabled":true},"in2DMode":false,"pivot":{"x":14.551009178161621,"y":-2.659276008605957,"z":74.9361343383789},"rotation":{"x":0.042294055223464969,"y":0.0003097167063970119,"z":-0.000028230033422005363,"w":0.9990498423576355},"size":39.98860549926758,"orthographic":false}