{"cameraMode":{"drawMode":0,"name":"Shaded","section":"Shading Mode"},"sceneLighting":false,"audioPlay":false,"sceneViewState":{"m_AlwaysRefresh":false,"showFog":true,"showSkybox":false,"showFlares":true,"showImageEffects":true,"showParticleSystems":true,"showVisualEffectGraphs":true,"m_FxEnabled":true},"in2DMode":false,"pivot":{"x":14.39730167388916,"y":0.3166499137878418,"z":0.730226993560791},"rotation":{"x":-0.004346489906311035,"y":0.9757950305938721,"z":0.020225584506988527,"w":0.21705032885074616},"size":1.8656392097473145,"orthographic":false}