{"cameraMode":{"drawMode":0,"name":"Shaded","section":"Shading Mode"},"sceneLighting":false,"audioPlay":false,"sceneViewState":{"m_AlwaysRefresh":false,"showFog":true,"showSkybox":false,"showFlares":true,"showImageEffects":true,"showParticleSystems":true,"showVisualEffectGraphs":true,"m_FxEnabled":true},"in2DMode":false,"pivot":{"x":-0.7855668067932129,"y":1.690690040588379,"z":-0.08928680419921875},"rotation":{"x":0.05759163200855255,"y":0.29563796520233157,"z":-0.017734961584210397,"w":0.9531844258308411},"size":11.323683738708496,"orthographic":true}