{"cameraMode":{"drawMode":0,"name":"Shaded","section":"Shading Mode"},"sceneLighting":true,"audioPlay":false,"sceneViewState":{"m_AlwaysRefresh":false,"showFog":true,"showSkybox":true,"showFlares":true,"showImageEffects":true,"showParticleSystems":true,"showVisualEffectGraphs":true,"m_FxEnabled":true},"in2DMode":false,"pivot":{"x":1.3503451347351075,"y":1.5158191919326783,"z":-3.989410400390625},"rotation":{"x":0.034024327993392947,"y":0.04794206842780113,"z":-0.001251747366040945,"w":0.9980680346488953},"size":3.375969409942627,"orthographic":true}