{"cameraMode":{"drawMode":0,"name":"Shaded","section":"Shading Mode"},"sceneLighting":true,"audioPlay":false,"sceneViewState":{"m_AlwaysRefresh":false,"showFog":true,"showSkybox":true,"showFlares":true,"showImageEffects":true,"showParticleSystems":true,"showVisualEffectGraphs":true,"m_FxEnabled":true},"in2DMode":false,"pivot":{"x":-0.7147445678710938,"y":0.8634481430053711,"z":-0.6966323852539063},"rotation":{"x":-0.4281875193119049,"y":0.0016268533654510975,"z":-0.0007837291341274977,"w":-0.9036587476730347},"size":8.033329963684082,"orthographic":false}